roll,pitch,yaw,x,y,z
-1.5535,0.0280477,-1.62346,0.724044,0.124721,-0.438971
