roll,pitch,yaw,x,y,z
2.25132,-0.0614898,-2.05437,8.34345,-1.59774,1.91357
